UserID,ImageID
2525,2838
2525,45986
2525,8854
2525,51395
1999,56418
1999,51301
1999,19595
1999,5418
1999,47084
1999,45315
1999,38572
1999,42809
1999,4201
1999,13341
244,24451
244,40285
1469,40933
1469,6944
1469,34643
2596,21720
2596,57170
1781,15747
1781,22386
1781,59709
1781,57863
1781,12595
1446,49075
1446,34440
1446,47381
1446,47407
1446,41311
1446,36037
1952,57065
1952,28428
2898,29220
2898,37244
2397,34422
2397,36314
2397,54580
2397,27764
2397,41469
2397,50512
2397,47692
2397,2877
2397,13280
929,17376
929,51942
1940,25651
622,34534
688,28377
688,47580
688,8207
688,48923
688,24367
688,58306
688,27432
2873,26066
2873,32470
2873,7396
2873,19014
2873,54861
2873,18175
2873,38190
2714,21271
2714,56714
2714,11819
1462,25832
1462,25524
1462,24390
1462,52344
1462,14031
1462,25913
1089,57646
1089,5371
1089,36832
1089,54553
1089,11686
1089,42927
1089,37189
1089,55187
1089,55929
1089,54662
2161,43285
2161,6746
2161,4614
2161,43683
2161,21811
2161,25726
2161,53329
164,9956
2382,6403
2382,27623
2382,39794
2382,16411
2382,24846
2382,28718
1015,45654
1015,44107
1015,27859
1015,25289
1015,39197
1015,54640
1015,38146
1015,22177
1015,21393
1015,59050
2434,13190
2434,34405
2504,43348
2504,26311
2504,57653
2504,9167
2504,3400
2504,43225
2504,27932
2504,15797
2504,44583
2504,6694
347,22244
347,30796
347,10181
347,4958
347,38205
347,57643
347,51880
347,19955
2575,38542
2575,47911
2575,55831
2575,20578
2575,36427
2236,21994
2236,6350
623,8584
623,23292
623,54544
623,53669
623,16556
623,35131
623,44224
623,34765
1403,43483
1403,35134
1403,3413
1403,51806
1403,42624
1403,9988
1403,16957
1403,52093
1403,25727
1403,28962
792,54166
792,38472
792,13203
792,38403
766,31590
2753,7937
2753,21818
2753,13524
2753,20758
2753,23615
2753,19968
2753,56620
1858,58174
1858,47202
1858,23056
1858,44724
1858,28280
1858,42843
1858,58855
1858,56969
2089,3910
2089,3542
2089,22849
2089,19814
2089,25478
2089,11900
2089,33375
1468,57491
1468,47570
1468,53537
1468,55951
1468,38423
1468,13705
1857,25991
1857,5148
1857,15239
2880,23601
1252,9175
1644,42145
1644,47174
1644,35096
1644,43420
2239,27762
2239,28963
1155,5019
1155,42660
79,43969
79,28619
79,47535
79,25670
79,30819
79,30677
2461,57403
2461,33448
2461,18802
2461,46662
2461,47000
2864,37058
2864,34556
2864,17243
2864,10329
2864,21471
2864,37896
2864,5686
2864,18459
2864,52378
2864,40057
1634,17644
1634,34187
1634,36559
1634,26723
1634,6597
112,18793
112,32267
112,6094
112,24977
112,29227
112,43005
112,25068
112,5430
1332,32860
1332,3229
1332,56677
1332,48442
1332,32649
1332,13701
1332,44415
1332,30266
1332,29224
1072,18919
1072,9517
1072,25823
1978,10372
1978,15296
1978,59559
1978,15059
1978,49321
1978,55426
1978,4435
1978,59797
1978,42251
1978,58322
2351,24996
2351,23313
2351,18767
2351,13841
2351,9148
2351,12641
2351,19646
2351,6678
2421,27923
2421,16881
2421,58299
2421,58987
2421,7950
2421,51007
2421,48511
2421,12580
2421,17056
924,4561
924,28545
924,17813
924,53621
924,36501
924,9371
924,33302
924,6527
2478,36323
2478,6710
2478,11010
2478,30605
2009,14505
2009,59706
2009,52228
2009,55378
2009,1973
2009,14886
2009,52944
2009,3815
2009,31990
2009,30195
1811,26592
1811,21164
1811,54590
1811,35017
1811,45872
1811,44769
1753,1561
2958,51670
1542,45962
1026,22405
1026,31332
1026,37054
1026,9917
1026,37595
1026,13027
1026,43494
1026,20406
1026,46524
1026,14047
2674,13411
2674,18880
2674,58053
2674,13811
2674,9062
977,33316
977,8834
977,45353
977,39489
977,24874
2138,9017
2138,16780
2138,15092
2138,6952
2138,11305
2006,8125
2006,46660
2006,50527
2006,6199
2006,42610
2006,19152
2006,33815
2006,27013
2006,2325
475,28884
475,53585
475,37966
475,34258
2849,37410
2076,55225
2001,17060
2001,15581
2001,18302
2001,53062
2001,19787
2001,17431
2001,8719
2001,15326
2001,33639
2001,8151
1300,21599
1300,58453
111,9774
111,22851
111,28408
111,12490
2972,47620
2972,58212
2972,57670
2972,23178
2972,18732
2972,2982
2972,10626
2972,7435
2972,17269
1866,29498
1866,13078
1866,59005
1866,5781
1866,18495
1866,44169
2188,9796
2188,15480
2188,32414
2188,56100
2188,58044
2188,33404
2188,22221
2188,24788
949,46643
949,19174
949,49674
949,48021
1155,37117
2266,41268
2266,43933
2266,13509
1981,58298
1981,2755
1981,50753
1981,39504
1981,45408
1981,16833
1981,7133
1981,33637
1981,59582
1344,42204
1344,5595
1344,12402
1344,44266
1344,31912
1344,41242
1344,17425
1344,24285
1344,25120
1344,55235
2178,19505
2178,56393
2178,42948
2178,49121
2178,32736
2178,43618
2178,30301
2178,59004
1249,30790
1249,23573
1249,25693
1249,35223
1249,28703
1683,55649
2901,57420
759,32330
717,9601
717,15468
717,28118
1534,41270
1534,28575
1534,2589
1534,2100
1534,11607
1534,56881
1534,32162
1534,7594
1534,15888
1411,44173
1411,21453
1411,58158
1004,37772
1004,17948
1004,36331
1004,9882
1173,9577
1173,45234
1479,6246
1479,11100
1479,25893
1479,33835
1479,16055
1479,32628
1479,11951
1479,3214
1479,4850
1479,3982
1849,49845
1849,16910
1849,46527
1849,32949
1575,9806
1575,10159
1575,32815
1575,45115
1575,23847
1575,47554
1575,51487
1575,20101
1575,20312
1575,53396
17,9043
17,48207
17,7132
17,26387
17,13356
17,5660
1978,13534
1978,56167
595,23754
595,58171
595,13330
2086,7425
2086,55831
2086,25453
2086,54804
2731,57303
2731,60000
2731,55200
2731,3958
658,42844
658,10076
658,20032
658,8639
658,46541
1983,29821
1983,25914
1983,8434
1983,12892
1983,3529
1983,33714
1983,13998
1186,48127
819,19937
819,56001
819,18429
819,19747
819,39210
819,25382
819,17066
819,28041
819,24388
1648,48110
1648,57708
1648,39157
1648,33326
1648,17318
1648,22654
1648,27150
1648,48637
1648,51410
1648,13844
1831,52482
1831,38995
1831,15234
1831,20893
1831,14071
1831,21507
2893,33111
2893,17763
2893,32744
2893,32653
2893,24115
2893,8783
2893,2361
2893,47633
2893,1697
2893,35314
85,33224
85,31693
85,46984
85,4491
85,39460
85,32412
85,30682
85,32370
85,16554
85,4074
855,15721
855,7918
855,12665
855,12742
855,10815
855,27392
855,43651
1258,41022
1258,47232
1258,6196
1258,24217
1258,23223
1258,15341
1258,10580
1258,53558
1258,48066
1258,29056
2418,41945
2418,3588
2418,2627
2418,16991
2418,18867
2418,9066
2418,57613
2418,33956
798,13872
798,41770
798,22142
798,8661
1152,6127
1152,52078
1152,17993
1152,22284
1152,54636
1152,2182
1152,58614
1426,22330
1426,58692
1426,31722
1426,36520
1426,32276
1426,13375
1426,38931
1426,53671
1426,8525
1201,23552
1201,56226
1201,25033
1201,39382
1201,39483
1201,17308
1098,21566
1098,3357
1098,4507
1098,51576
1098,36479
1098,36809
3,18944
3,9520
410,7553
410,48078
410,29262
1573,57515
1573,12567
1573,14294
1573,19106
1573,6024
1573,48569
1573,27400
1573,46453
1573,28000
1020,47341
1020,13519
1020,52804
1020,18820
1020,38456
1020,2557
1020,20963
663,18555
1444,3850
1444,51466
1444,33382
2316,50562
2316,6566
2316,13171
1366,28169
1366,19673
1366,23592
1366,15717
1366,24554
1366,18920
1366,53807
1366,37342
1957,35988
1350,58144
1350,35820
1350,22183
1350,42543
1350,16494
1941,23569
1941,6461
37,38483
37,3082
2454,31547
2454,22377
2454,2096
2454,24663
2454,27211
2454,45409
2454,43582
2908,50825
2908,58039
2600,9243
2600,49916
953,17095
953,55916
953,13833
953,44732
953,56111
953,21427
428,17286
428,15781
1636,9556
1636,2319
875,29997
875,25599
875,2350
875,22365
875,21443
875,34063
647,25416
647,39669
647,40400
647,12387
647,12167
647,54696
647,39966
647,23204
1613,18282
1613,14555
1613,15122
1613,43706
957,13768
957,19643
957,10563
957,4504
957,1904
957,46115
957,23207
2049,16730
2049,28032
2049,54130
2049,25593
2049,47978
2049,12054
2049,46677
2049,50542
2049,51026
2272,41360
2272,28214
2272,49118
2272,36974
1452,8218
1452,22006
1452,49510
1248,55399
1248,9764
1248,35893
1248,51001
1248,31680
1248,39143
1248,29730
1248,57325
1248,51684
240,34524
240,11578
2712,52193
2712,30958
2712,8328
2712,24159
1148,18454
1148,25881
1148,56646
1148,46268
2168,43748
876,9570
876,10598
876,49230
876,48004
876,8943
1220,37259
1220,41718
1220,12599
1220,56700
1220,23762
1220,28395
1220,49146
224,10842
224,53653
1926,2045
1926,33984
1926,7443
1926,52369
1926,5231
1926,46833
1926,15894
1926,39226
2972,25210
2972,59240
2972,7877
629,7451
629,25655
707,4070
707,33543
707,3669
707,2887
707,50895
707,9946
707,20060
707,9621
660,41324
660,8131
660,53088
660,45595
660,57149
1162,34436
1162,56333
1775,39652
1775,46072
1775,37200
1775,5688
1775,15388
1775,37052
1775,57988
1775,59470
1201,25525
1201,9380
1201,23540
1201,33943
1201,45656
1201,57761
1201,7203
1201,37944
1201,22375
1941,20075
1941,4896
958,44981
958,1962
958,39941
958,13764
958,15473
958,32608
2894,48686
2894,9385
1321,26674
1321,19404
1321,20275
1321,5175
1321,26433
1321,54516
1321,30233
1321,31591
1321,44131
1321,5575
886,32041
886,49561
886,47074
886,49501
886,46624
886,50224
886,47414
886,17810
886,57106
886,31715
2728,15076
2728,51799
2728,40675
2728,10716
2728,36406
2728,42411
768,39986
768,54318
768,39710
768,52869
768,13365
768,5474
768,10047
172,47339
172,41275
172,57531
786,20104
786,56879
786,55027
786,25748
786,55045
786,1946
1444,22842
1444,2325
1444,58738
1444,26359
1444,3975
1933,58676
1933,16737
1332,18172
1332,44422
1332,8056
1332,17379
1332,57776
1332,13506
1332,25980
1332,56932
1332,9210
2686,41712
2686,14693
2686,10057
2686,24506
2686,34921
2686,7558
2590,40302
2590,48572
2590,2802
2590,36654
2590,18026
2590,41784
2590,35027
2590,14963
1546,10342
1546,52916
1546,46925
1546,17374
121,47074
121,3261
121,57703
121,7148
1119,37674
1119,2118
1119,4421
1119,59797
2293,29096
2293,52648
2293,15278
2293,22912
2293,51263
2293,23079
2293,58862
2293,43482
2293,13920
870,28051
870,21741
870,31929
870,17257
870,20841
870,56540
870,1653
862,18815
862,20010
862,16236
862,3339
862,3720
862,17377
862,58468
1432,4620
1432,3213
1432,14462
1432,25934
1432,59505
1432,52054
1432,33635
1402,57019
1402,19314
1797,24529
1797,35798
473,13035
455,29464
455,19840
455,25182
455,52409
455,47463
455,35889
455,32462
455,15775
455,37930
455,18591
671,7756
671,48858
671,10640
671,52650
671,5810
671,17916
185,21290
185,23133
185,30249
185,30063
185,16339
185,42123
2781,44146
2781,5026
2781,56906
2781,36207
2781,23448
2781,4715
2781,4315
2781,13544
2781,56038
2781,36687
124,6629
124,58237
124,43561
1723,22203
1723,25244
1723,38584
1723,27858
1723,40431
1723,14999
1723,5763
1723,56960
1723,17590
2774,53997
2774,1810
2774,53149
2774,15515
2774,55547
2774,50904
2774,25244
2774,55649
113,8164
113,59100
113,45120
113,21178
113,33925
113,38958
113,38490
113,40025
2396,39241
2396,2678
2564,35820
2564,12338
2564,58250
2564,46747
2564,7399
896,10109
896,27785
896,13076
896,59275
896,31848
896,7644
896,59947
834,36801
834,56864
834,27450
834,10399
834,11505
1128,18998
1128,25771
1128,29419
1128,27404
1128,54479
1128,38681
1128,46027
1128,38164
1128,50480
887,33105
887,4817
887,22098
887,51680
887,47328
887,20818
887,15635
887,37541
887,12316
887,11638
1882,26603
1882,24928
1882,10748
1882,54860
1882,5382
1667,47552
1667,28696
1667,34441
1667,58863
1667,50610
1667,25110
1667,22687
1667,37517
1667,35013
2833,44382
2833,46013
2833,10021
2833,3283
2833,56255
2833,15647
2833,23881
2833,31028
2833,33114
2833,19968
2208,56989
2208,47266
2208,20589
2208,23815
2208,2578
2379,57562
2379,8020
2379,5674
2379,6893
2379,57348
611,56922
611,16397
611,9781
2452,26822
2925,13316
2925,6599
2925,9267
2925,29897
2925,19270
1720,36466
1720,40293
1720,44687
1720,23209
1720,50375
1720,11835
1720,34239
1720,52998
1785,11481
1785,27680
1785,3675
645,51988
645,34159
1688,13037
526,43078
526,21897
215,56508
215,10630
215,32830
215,12193
215,56499
215,42612
215,34617
1326,29448
1326,13924
1326,47080
1326,28968
1326,39762
1326,45891
1326,31595
1326,29489
1695,31692
1695,23210
1695,26054
1695,43437
2477,13669
2477,4068
2477,38669
1103,26542
1103,2672
1103,35656
1103,45832
1103,46669
1103,32309
1103,46715
1103,41696
1103,29071
1103,51673
1748,7479
1748,49635
1748,35451
1748,58046
1545,27655
631,5140
631,32118
631,6699
631,30574
631,45941
631,42857
631,47812
631,38325
631,12304
631,54404
1853,45634
1853,36998
1853,46813
1853,9427
1853,18079
1853,12801
1853,48099
1853,30924
996,10154
996,18033
996,53038
996,57609
996,58181
996,51010
996,3974
996,25556
996,32195
1292,50384
1292,17541
1292,32390
1292,12510
1292,58734
1292,4801
1292,49247
1393,32568
1393,12304
1393,15527
1393,7535
1393,43156
1393,59613
1393,12646
1393,57186
186,8162
186,9048
186,1906
186,38600
186,26369
186,57350
2097,3976
2097,27385
2097,4964
2097,49161
2097,55931
2097,22168
2097,40592
2097,57327
2097,47531
1883,19608
1883,41898
1883,51725
1883,9114
1883,26481
1883,2920
1883,50468
1883,47257
1883,56612
1883,40039
2889,29700
2889,24514
2889,3402
2889,19692
2889,35464
2889,42933
2889,36439
2889,57126
2465,20802
2465,30349
2465,10293
2465,7965
2465,29866
2465,9821
2465,4473
2465,4998
2465,51185
1280,19395
1280,8498
1280,58153
399,19926
738,9937
738,12889
738,29753
738,30186
738,9137
738,49622
1150,3273
1150,9380
1150,6243
1150,15370
1150,58163
1150,27070
1150,25787
1150,58509
1150,18561
805,12531
805,19819
805,41989
805,36284
2379,59106
2379,44404
2379,50507
743,25673
743,15313
743,51553
743,12602
743,17580
743,6149
743,32937
2080,31946
2080,40147
2080,5628
2080,17888
2080,43189
2080,58619
2080,51175
2080,9013
36,11170
36,16629
36,5899
36,52419
36,30140
36,44123
36,42023
36,25104
36,20145
36,40505
2578,19624
2578,12267
922,41761
922,28228
922,34585
922,11552
1351,12260
1351,19074
1351,3994
1351,22677
1351,18671
1351,25684
1351,6642
1351,58117
1351,15363
1351,47252
1127,12368
1127,11483
1127,22868
1127,50396
1127,32349
174,57966
2454,1657
2454,12580
2454,16100
2454,14058
2454,44473
2454,18604
2454,34454
2454,44516
2454,31883
2718,12255
2718,18813
2718,24297
2718,28128
2718,31921
1956,27785
1956,37601
1956,12618
1956,4073
1956,17575
1956,25059
1956,34569
1956,38410
1299,3310
1299,14020
1299,55293
1299,52078
1299,8806
1299,59949
1299,25094
1299,40478
1299,20129
1299,28880
1439,42221
1439,50586
1439,36353
2601,54705
2601,8405
2601,39600
2601,5180
2601,18464
2601,14059
2601,10725
2601,20395
2601,13336
2601,37936
2007,41398
2007,19823
2007,24395
2007,21758
2007,12380
2007,48769
2007,34083
2922,3605
2922,48235
2922,5131
2922,15118
2922,10509
2922,54544
2922,48573
2922,43387
2922,44697
2922,4140
2571,36382
2571,32199
2571,28584
2571,24117
2571,12523
36,7840
36,54390
36,18011
2109,51937
2109,19410
2109,45425
2109,33990
2109,8958
1620,29700
1620,59551
1620,12212
1620,26482
2575,17044
2575,6254
2575,15479
2575,33726
2575,6882
2575,11903
2575,46449
2575,3240
2575,57489
2575,27411
2867,51042
2867,24169
2867,27996
2867,43461
829,22701
829,6176
614,28414
614,37222
614,44684
614,46747
614,22044
614,30800
614,24530
614,36910
547,18681
2558,24422
2558,40780
2558,6502
2558,13036
2558,14930
2558,56319
2558,44171
2558,19305
1612,39306
1612,22401
271,43952
271,57870
271,45283
271,5827
271,6812
271,23761
1553,14796
1553,32869
1553,47896
1553,4439
1553,9392
1553,49604
1553,18420
1553,25292
1553,29417
2901,12076
2901,6622
2901,14559
2901,37080
2901,45764
2901,34000
2901,28652
2901,23118
2901,10266
2922,54540
1030,39865
2896,12114
2896,37896
2896,36730
2896,22065
2896,54542
2896,49662
2896,14011
2896,44952
2896,9901
2896,3837
2114,1552
2114,47419
2114,41472
370,49065
370,4311
370,59295
370,38447
2560,44433
2560,17085
1956,18827
1956,23032
1956,23514
1956,27463
1956,57108
1956,3463
1956,19602
1956,44304
1137,10455
1137,34117
1137,17497
633,47414
633,3254
633,58268
633,2865
633,16866
633,24523
633,28183
633,39467
633,14131
633,49940
1235,43481
1235,2610
1235,45096
1235,2119
1235,57194
1235,51916
1235,15800
1124,25616
1124,54538
869,46182
869,40434
869,50430
869,39376
869,17981
869,14470
869,42391
869,56550
2966,21933
2966,29852
2966,39030
2966,29765
106,14145
106,38619
106,32306
106,36719
106,42955
106,7328
106,25248
106,47277
40,40644
40,8099
40,16178
40,22739
40,16773
40,45287
40,7209
40,31328
40,22405
40,41605
1393,9683
1393,27061
1393,41049
1393,19362
1393,54904
1393,20610
1304,40310
1304,39334
1304,7419
1304,32211
1304,5772
1304,23788
168,18677
168,55500
168,27719
168,19490
168,4139
1652,43837
1652,27924
1652,30821
1652,4086
1652,4693
1652,47611
1652,3722
1652,32369
1652,17457
2963,55941
2963,22377
2963,20503
2963,57339
2963,4023
2963,34121
2963,55637
2963,57952
1942,25893
1942,27625
1942,40623
1942,17019
1942,19015
1942,26276
1942,25433
1942,38863
1942,28464
1942,7741
1831,4931
1831,10795
1831,52121
1831,17739
1831,43437
1831,25312
1831,53625
1831,21320
1831,32609
1831,3961
220,23589
220,2130
220,42730
220,31415
220,40525
220,58227
2741,8555
2741,50825
2741,29949
2741,24359
2741,25774
2741,46980
2741,5008
113,39252
113,4708
2209,54877
2209,45303
2209,10389
2209,3682
924,30251
924,38435
924,43701
2304,11928
2304,31950
2304,33147
2304,33580
2304,30670
2304,14949
2304,45748
2304,4032
2304,50565
2304,2786
168,34017
168,1861
168,27977
168,20370
168,23208
168,19916
1474,5574
1474,18508
1474,13782
1474,59400
1474,55961
1474,44407
1302,3561
1302,4117
1302,2057
1302,41811
1302,45034
1302,21987
2631,38645
2631,18656
2631,3594
653,19172
653,33233
653,40220
653,38165
387,11234
387,51262
387,14721
387,57306
387,32597
125,39307
125,12868
125,36053
478,14954
319,46570
319,15981
319,11075
319,59094
319,59606
444,56368
444,27084
444,28677
444,5701
444,9819
444,22032
444,7098
2198,59399
1618,24577
1618,32816
1618,3732
1618,58842
1618,3742
1618,58180
689,16981
689,19048
689,54070
689,37131
689,38223
689,39950
689,19840
689,37198
689,52454
689,24525
1539,55870
1539,53871
1539,25223
1539,17444
1539,17786
1539,7717
1539,38957
2530,57066
2530,39596
2530,21652
2530,20167
2530,52851
2368,37221
2368,7179
2368,43332
2368,15293
2368,53548
2604,3453
2604,4443
2108,58249
2108,56476
2108,39825
2108,4540
2108,49999
2108,5015
2108,34060
2709,23888
2709,29258
2709,37410
2709,15934
220,9091
220,15036
220,21276
448,34037
448,38529
448,48394
2617,12177
2617,39607
2617,29557
2617,1656
2617,40119
2617,58030
2617,29255
2617,37805
2617,36417
507,2699
507,48959
507,47341
507,7862
507,39811
507,4106
507,30605
507,32571
507,51487
507,50438
436,43068
436,36060
436,1933
436,3311
436,28448
1960,58728
1960,37940
1960,48332
1960,17144
99,54602
99,36478
2773,33644
2773,24885
2036,12990
2036,22752
2036,22657
2036,27444
1684,25480
307,58385
307,17675
307,7535
307,24741
307,46059
307,53527
307,3806
307,52326
307,48983
1682,35079
1682,23546
1682,29874
1682,17377
1682,23480
1682,2814
1682,55873
1682,59981
1435,6189
1435,18696
1435,58160
1435,4118
1435,37941
1435,4231
1435,40105
1435,38205
1435,10162
774,57361
774,12537
774,28219
774,41533
774,47153
617,16217
617,19617
617,11536
617,22779
617,24542
617,49623
617,6700
617,50455
617,42011
617,46536
1515,57492
1515,25236
1515,46646
1678,45561
1678,57024
1678,18229
1678,5154
1678,2554
1678,11883
1678,30233
1678,22438
1678,17060
1678,7368
1296,7816
1296,22710
1296,25478
1296,37877
1296,19124
1296,45752
1296,46408
1296,55323
168,3455
168,39150
168,56734
168,14133
168,31708
168,55373
168,16153
41,55246
41,49304
41,35674
41,22593
41,17259
41,9400
41,31369
41,14912
284,1525
284,43010
284,20001
284,13383
284,2737
284,1554
284,25880
243,3869
243,26211
243,58871
243,35797
243,44226
243,59937
243,33765
243,28213
243,1919
243,33038
2801,56806
2801,54073
2801,20194
2801,10068
2801,9543
2801,42255
2801,53043
2187,26824
2187,43917
2187,24871
2187,51022
2187,28569
2187,9526
2187,21571
2187,14674
606,13363
606,3825
606,30691
606,26949
606,43378
1996,56013
1996,11464
393,47417
393,37079
393,22329
393,13269
393,34175
2793,38242
2793,52929
2793,38298
2793,34316
232,50643
232,16375
232,27888
232,17211
2246,5412
2246,19606
2246,44115
2246,31047
2246,41251
2246,48946
2246,8799
1802,17855
500,19591
500,9648
500,52104
500,24523
500,11937
500,19995
500,25359
500,40592
500,6095
500,4525
699,52043
699,37520
699,20401
699,40234
699,17966
699,20904
699,2860
699,19693
699,25622
2327,34527
2327,24606
2327,24609
2327,18324
2327,46103
2327,46980
2327,8677
2155,3170
2155,26306
2155,17967
2155,49819
2155,3059
2155,5893
2155,37863
2155,17090
2155,4224
2155,32730
351,32849
351,14541
351,30203
351,7887
351,56257
351,9907
351,16448
772,14148
772,11564
772,3820
772,57874
772,17234
772,49494
1367,10211
1367,16067
988,5861
1441,34972
1441,3265
1441,18820
2335,53679
2335,54120
2335,16536
2335,16171
2335,53536
2335,17987
2335,20613
2941,48106
2941,58229
1166,50711
1166,27610
1166,22554
1166,46276
1166,50827
1166,35567
1166,52834
1166,51404
1166,36103
1166,48121
194,53752
1195,28535
1195,6368
1195,37325
277,39807
277,2127
277,30077
277,25485
277,51705
277,47383
277,43570
277,23191
1980,55127
1980,8889
799,52886
799,43179
799,33254
2844,26945
2844,12019
2844,1881
2844,16911
2844,43109
2568,13827
1975,3820
1975,8828
1975,58913
1975,34170
1975,30740
1975,27145
1975,56967
1975,9982
1975,2172
165,33371
165,26154
165,32010
165,57898
165,8100
165,33583
1798,16642
1798,9411
1798,23214
1798,50518
1798,22658
1798,25869
1798,8376
1798,4568
1798,47177
1798,54930
1103,37685
1103,9455
2129,36903
2129,29192
2129,30569
2129,59082
2129,6554
2129,52599
2129,27802
2129,45296
2129,51015
2129,23676
1693,52677
1693,9155
1693,29926
1693,20873
457,23600
457,30338
1731,32385
1731,57690
1731,39323
1731,57136
1731,28050
2468,47283
2468,19360
1144,38543
1144,47416
1144,58526
822,4436
822,16826
822,36787
822,28376
822,20945
822,46306
1787,51937
1787,56469
2357,6144
2357,27054
324,52430
324,39180
324,31577
324,30056
324,15951
324,31251
324,32393
324,39151
2547,11529
2547,57140
2547,5280
2547,58565
2547,41673
2547,46086
2547,24374
2547,51559
1747,56215
1747,39257
1747,10622
1747,21821
1747,37949
1747,2976
1747,33836
1747,2367
1747,7933
2907,13180
2907,3187
2907,33462
2907,45921
2907,3249
2907,59612
1614,19822
1614,51527
1614,11133
1614,34405
1614,5387
1614,8670
1614,52642
1614,49290
1614,4351
2940,21819
2940,20205
2940,52816
2940,36954
2940,9504
2940,39581
2712,39168
2712,36394
2712,5111
2712,19169
2712,34510
2712,57288
2712,48910
2712,36538
2712,19861
2760,40586
2760,44545
2760,46208
2760,53378
2760,37912
2760,22464
2760,23182
2760,34234
1420,48992
1420,17261
2234,30838
2234,7840
2234,34585
2234,59704
2234,46021
2234,44943
2234,10040
2234,30918
2234,9269
1313,33168
1313,6623
1313,46705
1313,56954
1313,45393
1313,34767
1313,48885
1313,12699
826,28475
826,19249
826,46669
826,48792
2054,46945
2054,23228
2054,21916
2054,46632
643,53692
643,28064
643,26909
643,47190
643,59876
643,43069
643,11581
643,19105
2810,10331
2810,8375
2810,39037
2810,47365
2810,59249
2810,1803
2810,26472
2810,36780
2810,47626
2810,13565
1368,6944
1734,27975
1734,14762
1734,36765
1734,37146
1734,44157
1734,55364
1734,28169
1734,4761
1734,57589
1734,53329
1205,47724
291,33087
291,31960
291,48419
291,16425
2631,6246
2631,2326
2631,37761
2631,42062
609,39734
609,2342
609,39869
609,51347
609,7733
609,39570
609,27899
609,42838
609,53851
2075,38609
2075,44938
1993,55582
1993,29246
1993,5141
1993,3467
1993,18852
1993,4982
1993,15745
1993,55798
1993,7908
616,36918
616,57471
616,56915
616,11210
616,21376
616,24426
616,19547
2426,3761
2426,18026
2426,38791
2426,10598
2426,15439
2426,59729
2426,52376
2732,42109
2732,31181
2732,46380
2732,26924
2732,23176
2732,12728
2732,15371
378,49747
378,14883
378,28686
378,32024
378,26648
378,18792
378,44963
378,21276
378,19584
378,3082
2107,49708
2107,35570
2107,34581
2107,11509
2107,26355
2107,24546
2107,17088
2107,40078
2107,9153
2107,14034
2910,7694
2910,44142
2910,21962
2910,59572
2910,58849
2910,48502
2910,27604
2910,3838
2910,28891
2910,9391
2005,37200
2005,7827
2005,13527
2005,50336
2005,42413
2005,12773
2005,40750
2005,34402
2005,28529
2005,9558
2790,39202
2790,19638
2790,9413
2790,48878
1671,28408
1671,48948
1671,45395
1671,19272
1671,34397
2252,52079
2252,28361
2252,43808
2252,10675
2345,14892
2345,47106
2345,22179
2345,25195
2345,30192
2345,57184
2204,28985
2204,9529
2204,5875
2204,8791
2204,6768
2923,11087
2923,5471
2923,55229
2923,23957
2923,52604
2923,26016
2923,57102
2923,10073
2923,46822
2923,43924
1902,26536
1902,16028
2629,7420
2629,44214
2629,10756
1557,5791
1557,1689
2519,23058
2519,32552
2519,15141
2519,8455
2519,2742
2519,46574
1586,43300
1586,55985
1586,49232
1586,29409
1586,43310
1586,25825
1586,19204
1586,19938
1586,46735
387,58917
387,28778
387,11873
387,21353
387,48560
387,4292
387,8617
387,25142
387,32602
387,28905
1372,17181
1372,50763
948,14137
948,37188
948,44379
948,37142
948,3393
948,23545
1564,3332
1564,54136
896,25145
896,55874
896,14623
896,19806
896,23209
896,36463
896,11304
896,17137
896,31917
896,17205
1553,33570
1553,51023
1553,53782
1553,45775
1553,16469
1553,51003
1553,24473
1553,29091
1553,36767
1553,51442
685,34910
685,49242
685,17386
685,28505
685,35128
685,40305
685,15485
685,43965
767,20816
767,25758
767,55059
767,49157
767,52255
767,38367
767,59585
767,10656
767,58561
2582,15260
2582,28964
2582,56924
2582,35947
2582,6879
2582,40289
2582,2495
1175,6383
1175,27899
1175,14629
1175,6684
1175,52166
1175,9309
175,3382
1089,25278
1089,14135
1089,33144
1089,17032
1089,15587
1089,50873
1089,59071
2970,18518
84,38692
1043,6060
1043,9613
1043,57125
1043,56874
1043,57256
1043,46313
1043,26402
1043,12953
1043,11244
1965,56736
1965,5996
1965,46962
595,43324
595,40548
287,14631
287,21778
287,8410
287,11279
287,10183
287,31242
287,27776
287,21392
287,7160
639,20952
639,51378
639,39361
639,37629
2888,16172
2888,30162
1761,22183
1761,34162
2230,40027
2230,44705
1078,45019
2106,20480
2106,18729
2106,10713
2106,38989
2106,28633
2106,58099
2106,37882
2106,10882
2106,27379
1742,33385
1742,39709
1742,38247
1742,48915
1742,16116
1742,37787
1742,15100
1742,30411
743,6419
743,28550
743,38669
2857,4427
2857,34125
2857,56884
2857,15928
2857,18445
2857,47223
2034,37731
2034,16220
2034,1590
2034,16252
2034,55796
1127,59173
1127,46016
2059,32391
2059,14595
2059,48428
2059,52150
2672,48219
2672,28986
2672,48767
2672,37002
2672,17409
1661,27970
1661,34244
1661,15827
1923,28918
1923,8458
1923,55352
1923,57432
1923,17288
1923,14691
1923,19338
1923,9797
174,32183
1037,55424
1037,39892
1037,2738
1037,7374
1037,19943
1037,10176
1037,41902
1037,52164
2929,21556
2929,53654
2929,11513
2929,3183
2929,44715
2929,4792
2929,48164
2929,4726
2929,41411
1516,10777
1516,23137
1516,18674
695,45293
695,20924
695,57937
695,43063
695,21290
695,52176
695,59974
695,7134
695,27189
695,18555
2066,46133
2066,13898
1526,24469
1526,49103
2057,27224
2057,24513
2057,14165
2057,17095
2057,30824
2057,35198
963,42131
963,59128
963,43593
963,52489
270,4632
270,11725
270,11193
270,8361
270,54911
270,23951
270,24687
270,2676
2539,15924
2539,46752
2539,39926
2539,42552
2539,10303
665,16988
665,43083
665,34353
665,2061
138,58527
138,22256
138,27480
138,50634
138,59460
690,18168
690,8740
690,39288
838,25670
838,46958
325,44187
325,2699
325,30856
791,43152
791,28504
791,45048
791,42552
791,20220
791,52341
791,38461
256,2976
2497,49011
2497,12097
2497,26811
2862,5840
2862,40605
2862,43678
2862,42553
811,29279
811,25464
811,9534
811,17078
815,22656
331,16784
331,17034
331,39562
331,42695
331,25219
331,23448
331,29201
331,40664
2983,7829
2534,26613
2534,13429
2534,47422
2896,46256
2896,11535
2896,4936
2896,18641
2896,40657
2896,57117
2896,24292
2896,31696
483,49811
1035,13116
1035,24615
1035,46486
1035,16011
2189,22741
2189,51594
2189,57777
2189,21123
2189,34260
2189,33444
2189,57525
2189,49155
2189,57310
1829,4986
860,33173
860,48894
860,13302
860,50765
2709,33290
2709,56825
2709,11118
2709,55878
2709,20476
2709,23044
12,31040
12,33888
293,10700
293,21400
293,19341
293,45116
293,11230
293,32283
293,28413
293,4385
1929,34188
1929,39606
1929,19296
1929,44518
1929,13201
2160,50000
2160,31639
2160,7522
2160,39984
2160,39959
2160,34232
2983,17096
2983,46931
2983,27458
2983,37798
2983,35011
2983,17448
2060,54997
2060,10759
1574,39930
1574,22071
1574,43341
1681,12947
1681,15571
1681,19028
464,50624
464,3410
464,59727
464,44880
464,7739
464,43329
464,9111
464,4458
464,53852
391,21236
391,18870
391,48916
391,30736
391,36430
391,42139
391,5075
391,47154
884,46477
884,57995
884,49719
884,43375
884,14962
884,34218
884,17322
884,6329
471,40352
471,18290
471,6998
471,33623
471,35783
648,33201
648,21174
12,52017
12,27828
12,11872
12,59897
12,29683
12,50636
12,19948
2840,43936
2840,57945
2840,5218
2840,30527
2840,50652
81,34856
81,30909
81,47067
775,7646
775,8660
775,29348
775,16375
775,10988
775,14322
775,25144
775,34763
775,48508
1411,37186
1411,21435
1411,49940
1411,43795
1411,58989
1411,28722
1566,33847
1566,12853
1566,41219
1566,18483
1566,55543
1566,9729
1986,14120
1986,40637
1986,19578
1986,28411
1986,40655
1986,48004
1986,24148
1986,2394
1986,44949
1246,3421
1246,16729
1246,19950
1246,5927
2421,6794
2421,42870
2421,31237
2421,57281
2421,15585
2421,43705
2421,25732
2421,22802
2421,5169
2421,56519
2451,49689
2451,25534
2451,8721
2451,15772
1123,13529
1123,25361
1123,48588
1123,28269
1123,7412
1123,40024
1123,13534
1123,40409
1123,41050
2976,58116
2976,37280
2976,4814
2976,59330
2976,52466
2976,17133
2635,37131
2635,12430
1861,18207
1861,34155
1826,11040
1826,9600
1826,54693
1826,9137
1826,58634
1826,5631
1826,47158
1826,7979
1826,36914
1826,24481
1570,30811
1570,53825
1570,32393
1570,37558
1570,18476
1513,34189
1513,48376
1513,22138
1101,12661
1101,12876
1101,24536
1101,13202
1101,30274
1101,12233
1101,50175
2476,49234
2476,31952
2476,2901
2476,54124
2476,20067
2476,56214
2476,53738
2476,10369
2476,22586
38,43304
38,34225
38,34206
38,56024
38,5348
38,3370
38,2988
38,9987
2874,13330
2874,12326
2874,38744
2874,50960
2874,57918
1239,49089
1239,20490
1239,7398
597,25378
597,13057
2042,34476
2042,43288
2042,42534
2042,34275
2042,14068
649,19261
649,4943
649,18810
649,50740
649,22067
2892,46292
2892,19486
2892,5560
2892,46879
2892,48448
2892,38612
2892,45926
2892,1678
2223,40687
2223,59272
2223,40070
2223,6126
2223,3775
1441,31303
1441,23691
1441,17670
1441,34648
1441,54517
2671,24649
2671,23957
2671,2274
2671,50485
415,12496
415,50691
415,23937
415,4170
957,40580
957,47283
2814,42913
2814,41586
2814,26624
2814,45910
2814,6861
2814,12919
458,5355
458,47219
2029,41677
2029,28205
2029,8191
2029,32040
2029,16153
1352,42424
1352,58239
1352,27931
1352,37197
1352,43910
1352,2579
566,27153
566,42120
566,3126
566,27202
566,18605
566,36066
566,48128
566,15295
1863,38561
1863,24666
1863,39131
1863,7001
1863,25970
1863,9603
1863,6174
716,24918
716,36130
716,37958
716,44953
716,59909
716,41821
716,33398
2019,16742
2019,5464
2019,31824
2019,27229
613,46898
613,32179
718,34400
718,14592
1615,25528
1615,3406
1218,56921
1218,43517
1218,32242
1218,24154
1218,58867
1218,20122
1218,20530
1218,34958
1218,56670
1218,39216
966,50464
966,48629
966,26948
966,34837
2986,54384
2986,10219
2986,7766
2986,39761
2986,27935
2986,29730
2986,6021
2986,6234
2986,29553
2986,50420
666,48816
666,12460
666,6027
666,18467
666,44311
666,57683
666,3964
666,20522
666,52157
666,18173
2433,14889
2433,7046
2433,47421
2433,44509
2433,12372
2433,13330
2433,23779
2433,19487
2433,41011
1271,14915
2287,45564
2287,41247
1943,2247
1943,32045
2224,34859
2224,7917
2224,19248
2224,37255
2224,18312
2224,12741
2224,9267
2224,42960
2224,4994
897,45823
897,48581
897,22268
897,13414
1056,15418
1056,11007
1056,33935
1056,13730
2594,38306
2594,22306
2594,8017
1640,12368
1640,48989
1640,47916
1640,7088
1640,18612
1640,12082
1214,41279
1214,49846
1214,41361
1214,31822
1214,4883
1214,34357
1214,45837
1214,53228
145,27855
145,5009
145,34016
145,16872
145,15802
1859,14867
1859,22368
1859,11303
1859,58961
1859,42108
1859,25747
1859,56723
1859,44710
903,5052
903,10828
903,43313
903,25604
903,29262
903,47075
903,25790
903,12479
903,36408
760,15600
760,29607
760,32482
760,7800
760,26105
760,56075
760,25148
1317,19714
1317,40653
1317,54969
326,34603
326,6675
326,17109
326,3309
1452,52626
1452,8244
1452,4928
1452,17749
1452,27753
1452,39143
1909,10341
1909,5268
1909,47574
1909,28026
1909,56378
1909,13960
451,31121
451,33627
451,22477
451,23198
451,33934
451,23118
451,4228
451,27552
2607,5604
2607,6032
2607,30324
2607,20214
2607,37321
2607,56243
2607,3312
2607,7794
2607,7829
2607,55907
103,7115
103,56049
103,26449
103,10810
103,39711
103,39189
103,42942
103,24519
103,31253
103,41718
2653,39583
2653,40171
2653,17632
2653,43349
2653,28258
2653,23091
932,39018
2861,39852
2861,29265
2861,40570
2861,17702
2861,40599
2861,13946
2861,15907
903,8153
903,37970
903,10449
903,57378
903,8313
903,34824
903,8929
903,26452
903,33141
2281,49133
2281,35530
2281,54874
2281,42865
2281,4922
926,8526
926,26559
926,36782
926,56180
926,54538
926,26231
926,15297
926,57411
926,40387
1571,56228
1571,26739
1571,42670
1571,15715
1571,46208
1571,44020
1571,51339
535,27574
535,25878
535,46084
535,8631
535,34298
535,17657
535,6382
535,23526
535,37563
535,47622
1813,24105
1813,30938
1813,14302
59,17262
59,13764
59,53066
59,36790
1597,56930
1597,19044
1597,31866
1597,34443
1597,22950
1597,36024
1597,9259
277,10681
277,36735
277,10623
2247,18176
2247,36619
2247,56904
2247,25262
2247,14777
2247,10750
2247,4294
2247,14783
2247,19701
2542,28130
2542,29789
2542,42045
2542,46941
2542,4522
2542,28897
2542,34780
2542,44084
2542,9174
2542,50329
1027,56452
1027,30140
1027,15464
1027,7099
1027,37766
1335,46242
1335,19379
1335,19385
1335,38292
34,8981
34,52419
1270,45270
2568,1565
2568,16147
2568,42637
2568,6809
2568,20195
2568,40533
2568,12465
2568,30769
2568,37310
2568,13458
984,38811
984,51857
984,45979
984,26716
984,10424
984,19886
984,27987
984,21164
2344,10287
2344,8631
2344,45987
2344,33438
2344,45610
2314,15677
2314,5825
2314,33944
2314,9960
2314,22198
2314,53819
2314,9204
2314,44444
2314,53562
2314,41865
636,32969
636,43105
636,11155
636,23815
636,48476
636,58962
636,30149
636,7074
1596,50302
1596,16804
1596,11027
1596,58063
1596,58528
1596,59122
1596,58123
1489,5416
1489,30258
1489,51403
1489,32564
1489,20479
1489,41842
1489,39469
1010,56565
1010,38671
1010,21369
1010,9064
1010,4896
1010,33121
1010,13460
1010,1939
1010,9856
1010,49571
2579,59642
2579,32046
2579,12743
2579,24871
2579,57911
2579,4984
2579,19066
2579,6259
2579,38983
2786,41331
2786,13363
2786,20010
2786,2840
2786,19310
2334,55846
2334,45658
2334,47535
2334,6983
2334,9989
2334,14768
2334,22038
2334,2149
275,25021
275,14325
275,30670
275,17440
275,59218
275,8396
275,57365
275,58691
2453,3504
548,2350
548,17232
548,23872
548,28192
1722,31912
1722,23131
1722,47511
1722,57942
1722,40632
1722,25124
1722,10722
1722,19681
1521,17792
1521,40173
1521,30297
1521,17565
1521,33832
1521,51802
1521,19766
1521,3829
2903,4483
2903,13194
2903,59231
2903,40533
2903,19115
2674,3390
1710,15043
1288,5836
1288,2287
1288,52954
1783,53593
955,4158
955,26536
955,3987
1425,51597
1425,43432
1425,48030
1425,56257
1425,15268
1425,20149
1425,51799
1425,4308
2850,39200
2850,31361
2850,5047
2850,33526
2850,27513
2850,44511
2850,25290
2850,49088
2850,18291
2824,32292
2824,58943
2824,40408
2824,45158
2824,56267
1373,38662
1373,7653
1373,14731
1373,18319
1373,16228
1373,41908
1373,13962
1373,42910
1373,52659
1554,47383
1554,4379
1554,25772
1554,57890
1554,30529
1554,14489
909,43294
909,12804
909,22032
2559,53498
2559,50450
2559,4678
2559,58532
2559,27433
2559,23169
2559,13196
2559,13914
2559,41472
2909,10182
2909,13576
2909,6361
2909,17425
1410,50441
1410,14833
3000,18428
3000,21219
3000,25712
3000,31849
3000,34539
3000,17416
3000,43665
3000,22830
3000,2478
3000,44708
367,4237
367,27839
367,46432
2685,42268
2685,11274
2685,6561
2582,46712
2582,8954
2582,16603
848,33840
848,36452
848,19555
848,15776
848,40400
848,29885
848,36620
848,23108
848,46032
2755,49739
2755,25872
2755,50220
2755,16081
2755,4857
2755,25209
2755,23709
2755,55249
2755,57189
2755,48734
2074,59716
2074,57607
2074,19732
2074,39314
2074,56143
2074,10360
267,51624
267,22888
267,18706
267,56023
267,46263
267,53748
267,52575
267,49557
267,41468
267,54138
100,19365
100,2266
100,20251
100,23148
1983,2817
1983,56247
1983,17817
1983,30663
1983,45969
1983,44975
1983,36417
1934,48109
1934,33953
1934,38175
1934,49407
1934,12097
1934,37890
1191,28478
1191,44906
1191,14109
1191,55212
1191,51666
1191,3912
1191,40321
1191,43329
698,45770
698,44207
698,44723
698,24816
698,14779
698,37719
698,16113
698,5599
698,28277
698,34238
770,21034
770,40055
770,11966
770,24524
770,44551
770,7650
770,45567
770,38465
2552,37209
2552,43706
2552,44660
2552,18822
2552,32970
375,30486
375,32852
375,43759
1173,6038
1173,18497
1173,10372
1173,5846
1173,46057
1173,51466
1173,10117
1173,47388
1173,3661
2733,11547
2733,57150
2733,24275
2733,8829
2733,2001
2368,38796
2368,15319
1157,54398
1157,26280
1157,35048
1157,37490
1157,3361
1157,35025
1044,14493
1044,54052
1044,28834
1044,58871
1044,58484
1044,10339
1044,17989
2368,25265
2368,45042
2368,7249
2368,13073
2368,20616
2368,59888
2257,13136
2257,8193
2257,33751
2257,7551
2257,13364
2257,42698
2257,30078
2257,59576
2257,6593
1243,43936
1243,32419
1243,27731
1243,27429
1243,6662
1243,54150
1243,18909
812,45178
812,29108
812,21538
1171,16557
2961,42082
2961,22134
2961,12031
2961,51750
2961,7076
2961,33066
2961,53143
2961,5806
388,44420
388,11985
388,39230
388,18882
388,23861
388,41784
388,37879
2108,40467
2108,51475
2108,27925
2108,53893
2108,34332
2108,2337
2108,55255
322,6132
322,52594
322,39875
1950,57493
2052,46717
2052,49143
2052,42123
2052,12683
2052,7761
2806,11229
2806,33632
2806,51144
2806,5739
2806,59448
2806,34454
2806,41705
2806,25298
2452,54870
2452,54539
2452,33344
2452,8937
2452,35241
2452,33993
2452,43771
2452,13682
2452,43179
2452,24371
2792,48732
2792,35905
2792,49676
2792,35991
2792,10463
2792,48145
2792,41595
2792,43960
2423,28313
2423,53635
2423,42264
2423,38433
2423,43679
2514,39936
2514,54864
390,19523
390,20109
2879,22585
23,20235
23,13230
23,9923
23,23248
23,29689
23,41304
23,51633
23,35118
1113,11773
36,44965
36,35064
335,9422
1254,26485
1254,30729
1254,3054
1254,35176
1254,23854
1254,42124
1254,19835
1254,47337
1852,46590
2576,51505
2576,38755
2576,15283
2576,34452
2576,53543
2576,41877
2576,11357
2576,30324
2576,15645
2576,2686
2602,30935
541,15356
541,7004
541,8899
541,6076
541,10712
541,19036
541,57990
541,37951
2160,7874
2160,25516
2083,15482
2083,12443
2083,3415
2083,2203
2083,35785
2083,32112
316,55569
316,45142
316,39001
91,13650
91,32623
91,51260
91,48502
91,5751
91,57216
91,5120
1402,25682
1402,30495
1402,15721
1402,27115
1402,28543
1402,3061
1402,39717
1402,39888
1402,41029
1402,1934
771,19193
771,36498
771,35199
771,22327
771,8214
771,18854
771,27359
771,24526
910,15607
910,43374
910,51810
910,27648
910,43046
910,29756
2703,55813
2703,19651
64,53010
64,43914
64,46877
64,53393
64,30838
64,13289
327,3215
327,30768
327,8580
327,20312
327,34256
327,14920
327,27746
723,15942
723,15065
723,26921
855,17940
855,20938
2624,9186
2624,14504
2624,36004
2662,44553
2662,29829
2662,48794
2662,37969
2662,32560
2662,11875
2662,55972
270,6157
2906,8606
2906,27554
2906,31869
2906,13914
2906,37083
665,53669
665,40495
2737,57380
2737,53050
2737,22587
689,7449
689,27868
689,39526
689,10723
689,15747
689,26732
120,29321
120,11777
120,55100
120,28647
120,38471
2362,46074
2362,31742
2362,53463
2362,27648
2362,15749
2362,17275
2362,45815
2362,49080
558,36577
2677,4358
2677,53613
2677,54061
2677,11923
2677,4201
2996,57096
2996,18899
2996,17935
2996,54960
2996,9363
2996,45620
2996,36049
2996,56911
1133,21269
1133,6857
1133,59232
1133,29063
1133,47634
1133,11772
270,25295
270,11059
250,34550
250,57357
250,32198
250,25650
250,14665
250,59466
2913,10296
2913,12972
2913,44568
2913,8181
2913,13516
2913,5936
2913,26375
2913,20799
193,48914
193,36862
193,14983
193,7875
193,18638
193,20508
193,50035
1013,8089
1013,8410
1013,9251
1013,14917
1013,53891
1013,33387
1013,51048
1013,17907
1013,22503
1184,33719
1184,33274
1184,21264
1184,50641
1184,3648
1972,2491
1972,45413
1972,7771
1972,54696
1972,5688
1972,14420
1972,40513
1972,20582
312,14310
312,13928
312,21527
312,47629
634,13849
634,34445
634,47286
634,46348
634,17821
634,24157
2460,41519
2460,24929
2460,53599
2460,28807
2484,54607
2484,30957
2484,3643
2484,27724
29,13760
29,36314
29,8853
29,2278
29,25982
29,12954
29,27833
29,55629
29,4084
1931,31915
1931,41227
1931,42218
1931,58912
1931,11799
1931,16633
1649,3709
623,11211
623,58645
623,35339
562,44898
562,35324
562,8897
562,44814
562,45019
562,17082
562,51603
562,58453
562,14611
562,47284
2911,8688
2911,20784
2911,55026
2911,57316
2911,4503
2911,24182
2911,18988
2911,46584
2911,26470
2911,18673
2487,37982
2487,56413
2487,27492
2487,33619
2487,15929
2487,8978
2487,9524
1574,38493
1574,52136
1574,31588
1574,28744
1574,4187
2448,38761
679,34569
679,36888
679,11384
679,7971
679,25650
679,42977
679,26859
679,43356
2475,48415
783,28935
783,48130
2480,56006
2480,16357
2480,18916
2480,24775
2480,41963
2480,18725
2480,24531
2480,59015
137,29246
137,13508
2358,20761
2358,52894
2358,21423
2358,57534
2358,24459
2358,44518
2358,14799
2442,31784
2442,18919
2442,41272
2442,12981
2442,7132
2442,57835
2442,35136
2442,56863
321,30899
321,9095
321,39973
321,16336
321,4763
321,24251
1065,2661
1065,36526
1065,16802
1065,27748
1065,46573
1065,18332
1065,42991
1065,54063
1065,38931
1065,8702
371,37587
371,21909
371,17207
371,31250
371,24154
371,40098
371,17177
371,22128
371,7450
2688,55069
2688,3890
2688,30590
2688,55286
2688,2876
2688,22656
2688,38655
2688,33868
2688,13774
2688,57677
2479,26633
392,36207
392,18235
392,9171
392,31886
392,12168
1383,49824
1383,36699
1741,41708
1741,42948
1741,15673
1741,51717
1741,3313
1741,15877
1582,57154
1582,2354
1582,5707
1582,33893
1582,25250
1582,6743
1582,56071
1582,31579
2770,46782
2770,8433
2770,52885
2485,20391
2485,15354
2485,10243
2485,48670
2485,46534
2485,2671
2485,20616
2452,36827
2452,42522
2452,8235
2452,28962
2452,9484
2452,51471
2452,50619
2452,23264
2452,2212
708,55033
708,7369
708,22609
708,30354
708,18238
708,52577
708,51594
708,33236
708,18276
2371,16953
693,36316
693,55427
693,40551
693,35537
693,33971
693,19974
693,22267
693,7554
693,20813
623,56034
623,38618
623,29997
623,57149
623,14619
623,57981
623,2477
623,13421
623,47306
623,46611
707,29655
707,17423
707,26906
707,21334
707,11142
707,50355
707,25692
707,4039
707,35105
707,2963
1123,26164
1123,6083
1123,30576
1123,53875
1123,47272
1123,39671
1123,37966
1123,22742
187,18911
2304,44628
2304,16524
2304,15561
2304,56413
2304,56114
2304,56961
2263,58654
2263,46596
2263,29623
742,27499
742,43404
742,15788
2454,26806
1230,23188
1230,4755
1230,56475
1230,10178
1230,58108
1230,36074
1230,53619
2009,50356
2009,13013
2009,3849
2009,30410
2009,24254
2009,52891
2009,33703
2009,18729
2009,2509
2009,44868
2933,30002
2933,51055
1033,44842
504,47168
504,9545
504,21650
504,33914
504,9085
504,46169
504,47016
504,32850
504,3723
2420,10053
2420,53046
2420,4737
2420,32645
2420,59055
2420,53019
2420,37588
2420,4243
2420,29690
2420,36478
2251,52209
2251,55969
2251,4840
2251,45578
2251,46607
1349,49597
802,6967
802,57523
802,29225
802,25440
802,17890
802,41699
802,29125
802,1925
925,31206
925,43309
925,2303
925,5456
925,33862
925,56175
925,18565
925,33525
925,4575
174,40435
174,13273
174,23497
174,45015
893,11726
893,5748
972,11276
2459,13582
2459,29267
2459,5881
1453,57289
1453,15921
2773,59968
2773,55043
2773,4965
1133,35200
1133,56425
1133,57447
1133,31917
1133,5739
1133,22931
1133,35673
1133,37633
1133,6814
1133,26267
2653,56467
2653,42658
261,47674
261,51255
261,25247
261,40558
261,3915
261,17562
261,25137
261,23786
261,22367
1340,33026
1340,57868
1340,32275
1340,14050
1340,50710
852,30544
852,51316
852,53762
852,5750
852,7100
852,20449
852,11498
1916,44642
1916,26426
1916,30868
1916,18202
2959,50550
2959,16414
2959,27431
2959,32215
2959,59596
2959,24668
2959,18757
1446,48206
1446,57579
1446,30138
1446,38345
1446,36075
1446,39141
1446,43744
1446,33268
987,34359
987,42309
987,45091
987,14315
987,31554
987,47360
26,8239
26,53991
26,58191
26,5339
2892,11062
2892,55834
2892,37940
2892,25041
2892,58742
2732,54063
2732,9422
2732,49012
2732,6240
2732,17273
179,39893
179,59570
179,54319
179,55608
179,22540
179,5477
179,50598
179,20540
179,35689
575,49638
575,36666
575,32172
575,25161
575,41525
575,29919
2988,53832
2988,10374
2988,45146
2988,50342
2988,22466
827,55067
827,35875
827,11544
827,31710
827,13784
827,57086
827,34765
827,59173
827,43618
2029,20376
2029,54559
2029,46508
2029,4993
2029,14311
2029,57906
2029,10253
2029,45890
2029,46316
2029,52144
742,48160
742,24920
742,58216
742,24912
742,57578
1007,11592
1007,36722
1007,6501
1785,55850
1785,49120
1785,24858
1785,53604
1785,49680
1785,44914
1785,46082
1785,43494
1785,19142
831,49323
831,51427
831,39617
831,49773
1161,19955
1161,16494
1161,49986
1161,46646
1161,12610
1161,6123
1161,18531
1161,26843
2426,13193
2426,46269
2426,50481
2426,46797
2426,28119
2426,2498
2426,19120
926,36280
926,24988
926,46933
1890,14580
1890,25617
1890,52177
1890,22959
1890,30256
1890,5606
2128,44420
2128,2361
2128,37695
2620,12542
2620,39553
1946,48929
2039,35231
1643,7288
1643,13650
1643,58131
1643,24523
1643,9945
1703,55069
1703,2642
1703,49121
1703,17450
1703,36436
1703,52831
393,49991
393,58736
393,21268
393,26662
393,25174
393,6652
749,51018
749,44858
749,49785
749,6574
749,10839
749,27170
2995,26142
2995,40658
1288,59118
1288,39266
1288,21136
1288,31823
1288,13213
1288,3797
1288,16839
1288,5852
2500,54617
2500,28733
2500,25248
2500,47665
2500,52151
2500,7565
2500,39542
2500,2623
2500,19144
2500,11932
2500,6002
2500,32846
2500,41769
2500,53487
2518,50593
2518,19310
2518,34345
2338,46155
2338,15504
2338,32524
2338,17406
1320,8400
1320,24160
1320,17099
1320,49978
1320,7922
1320,31206
1320,8884
1320,13496
1320,21121
1629,18245
1629,47131
1443,12502
1443,28572
1443,17267
1443,17714
2411,51091
2411,16449
2411,8814
2411,6422
2411,42641
2411,43030
2411,31191
2411,44777
980,1654
980,8889
980,25981
980,4269
980,20069
980,9067
2060,25100
2060,28482
2060,25773
2060,9374
2060,42873
2060,45231
2222,33107
191,5836
191,3413
191,18500
191,54060
191,23263
135,25540
135,10595
135,15289
135,38995
135,38786
135,39669
135,16408
135,33425
1182,1918
2635,22222
2635,34495
2635,20517
2635,7926
2635,33470
2635,47277
2635,51254
2635,5478
2635,50437
2635,58883
2705,45089
2705,11388
2705,30337
2705,33039
2705,22032
2705,22825
1522,9471
1522,30811
1522,5440
1522,6932
1522,20107
1522,48231
579,53837
579,16766
579,40024
579,14537
579,12951
579,34608
579,14106
411,20445
411,27429
411,50557
411,17423
411,51260
411,58504
411,25863
411,47169
2172,57610
2172,22836
2172,59811
2172,34803
2172,59452
2172,50194
2172,10041
2172,12860
1989,6229
1989,44711
1989,44389
1989,45200
1989,51207
1989,25059
1877,25923
753,34638
975,54646
975,3261
975,29129
975,53829
2208,54105
2208,25213
2208,20595
2208,43536
2208,6814
2208,44158
2208,59260
2208,48751
2208,56605
844,37164
844,20312
844,58216
2238,53120
2238,28444
2238,13423
2238,20526
2238,32299
319,19578
1929,8088
1929,46308
1929,21690
1929,54018
1929,30024
1929,1942
1929,19892
115,10146
106,44806
106,7637
106,17570
106,39785
106,48006
106,46781
106,30047
106,47602
1842,15290
1842,46657
585,2177
585,9443
585,49843
585,27610
545,50822
545,16975
545,5898
545,16771
545,33697
545,10788
545,33546
545,57676
2537,33107
2537,2143
2537,42738
2537,48064
2537,25021
2537,20592
2537,45786
2537,1164
2537,17694
1864,33587
1864,20074
1864,22621
1864,28007
1864,33881
101,4897
101,23813
101,45001
101,41730
101,32451
101,4210
2427,33739
1068,40534
1068,12730
84,13224
84,9790
84,19172
84,30748
84,35690
84,31048
84,45363
84,41388
84,37857
84,10746
127,4191
127,25960
127,47360
1015,19917
1015,20332
1015,22832
1015,46272
1015,46927
1015,46618
1015,8156
1015,17944
1015,4748
2496,21546
2496,14771
2496,33964
2990,13983
2990,42541
2990,44425
2990,23849
2990,54794
2990,13863
2946,4700
2946,39233
2946,12146
2946,53766
2946,27471
2448,54691
2448,40792
2448,4690
2448,23759
590,48447
590,20372
590,22685
590,1943
590,15820
590,9932
590,7484
590,50305
590,44159
590,29080
336,41875
336,4861
336,25465
336,57085
242,11038
242,8613
242,5507
242,28308
242,2747
242,21433
242,54112
242,30745
242,9163
242,54675
2,4218
2,22199
2,39489
2,7948
2,57566
2,28619
2,55853
2,58610
2,49155
2,55561
667,2747
667,57661
667,1625
667,15662
667,49523
667,12836
667,48113
667,55967
667,22091
667,56918
554,48418
554,43647
554,6738
554,38022
2027,11225
2027,5409
2027,7510
710,18196
804,43264
804,8687
804,6176
804,39632
804,41970
804,38290
1262,22608
1262,20162
1262,21410
1262,26811
596,33417
596,58989
596,3067
596,45392
596,5678
596,11083
596,23703
596,47610
774,51562
774,8494
774,10048
774,49166
774,38134
1853,4632
1853,58726
1853,52967
1853,20031
1853,23561
1853,24447
1853,1810
1853,16537
1853,2664
2202,55894
2202,28433
2202,27860
1335,2689
2173,21698
2173,22700
2173,16177
2173,39192
2173,19968
2173,46384
2173,20902
2173,48975
2173,42586
685,3588
685,52329
685,46298
685,51333
685,41436
1285,42875
1285,19606
1285,4371
2734,24937
2734,9269
2734,13449
2734,34550
2734,52883
2734,57512
2734,12723
2734,53841
237,59779
237,34202
237,12942
994,17946
994,27508
994,56118
994,27407
994,52410
994,39877
2403,40129
2239,2160
2239,10139
2239,8965
2239,23077
2239,30636
2239,33748
2239,24583
2239,56386
1657,47265
1657,30683
1657,21357
1657,19028
1657,26642
1657,35395
1657,9162
1657,7056
1657,1549
664,5319
664,30830
664,13052
664,29873
664,43217
664,32971
664,40078
664,10076
664,51557
2499,7192
864,46100
864,37207
864,5254
864,57689
864,10128
864,33141
2490,27221
2490,2310
2490,33534
2490,8306
2490,49012
2490,18658
2490,26446
350,25158
350,29869
350,21770
350,23325
350,20342
2048,49529
332,33835
332,27593
332,12287
332,9654
332,12221
2612,58340
2612,21397
2612,50948
2612,12400
2612,9243
2612,46946
2612,40992
2612,26189
2612,25287
1088,17665
1040,58249
1040,7502
1040,8220
1040,33929
1040,52822
1040,19486
1040,43790
1040,21121
1221,45233
1221,12266
1221,15177
1221,54016
1221,13730
1221,13979
1221,38419
2427,4730
2427,6729
2427,39838
2427,7167
2427,39785
2427,13434
2427,56338
2427,5531
2427,54597
739,30678
739,7494
739,12284
739,6645
739,47297
739,17972
739,36806
739,53887
739,9445
739,57023
447,19441
447,49659
447,17723
447,1579
447,56297
447,6903
447,54550
447,38479
1975,44983
1975,8952
1975,11052
1975,34539
1975,14924
1975,14756
1679,49547
1679,40587
2134,39594
1493,17008
1493,34001
1493,57642
1253,7487
1253,52965
138,33517
138,7342
138,51618
138,46553
138,51368
940,37187
2078,53102
2078,45663
2078,4245
2078,6529
2257,36499
2257,53525
2257,58098
2257,30543
2257,57401
2257,33185
500,16759
500,17982
500,28659
500,6676
500,19900
500,22802
746,56306
746,4991
746,8215
746,18732
746,56539
746,23787
205,14643
205,47560
205,28698
205,6484
205,51443
205,24295
1393,8638
1393,13650
1393,21254
1393,25983
1393,18050
214,28189
214,50166
214,5406
214,47216
214,34987
214,36812
846,29209
846,38298
846,17461
846,4687
846,44939
846,21435
846,8212
846,17967
846,30037
846,35666
1345,56573
1345,41476
1345,13179
1345,52359
1345,4187
1345,18166
1345,4204
1945,11894
392,9504
392,26986
1682,40667
1108,48609
1108,36916
1108,32635
1108,57897
1108,6818
1108,31634
241,4831
241,52518
241,10058
241,46398
241,49154
241,35909
241,2760
241,24947
927,42880
927,2059
927,11218
927,35684
927,27550
927,55839
927,20028
927,48009
927,25145
261,23611
2028,20154
2028,38526
820,38160
820,23171
218,59116
218,33253
218,54905
218,19714
218,2116
218,6513
2794,3056
2794,5850
58,23868
58,48250
58,14760
58,42679
58,50042
58,15218
2304,5156
2304,48144
2304,15196
2304,3079
2304,18922
2304,40018
1084,20132
1084,9606
1084,45669
1084,9653
2680,49817
247,24988
247,18531
848,3361
848,39514
848,57944
848,43484
848,58515
848,27915
848,10837
848,43190
848,6692
2379,28420
2379,40309
2379,25691
688,4788
688,35338
688,41824
688,26303
1783,25432
2445,8895
2445,36298
2445,17232
2445,15763
2445,22249
96,58722
2550,38469
2550,34163
2550,41354
2550,25366
2550,15459
2550,49137
2550,30888
2550,19499
2550,55275
1268,40500
1268,49614
1268,49145
1268,38471
1268,52941
1268,53105
1268,47367
1268,19904
1268,9237
769,57340
769,12082
769,20306
769,31185
769,10297
769,52690
769,23038
769,54857
769,16461
769,28028
2570,34320
2570,53046
2570,15885
227,22570
227,34341
227,57151
227,11128
227,19591
227,26602
227,10197
227,10219
227,47265
510,14318
510,10784
510,6521
510,8750
510,30076
2107,23612
2107,31554
2107,32207
2107,24150
404,50470
404,32527
404,57527
404,14695
2896,34063
98,24061
1538,17854
1538,9799
1538,26650
1538,56427
1538,38551
1538,36510
1538,17859
1538,21924
1538,4053
1538,25198
1818,5668
1818,9997
1818,43642
2756,27463
2756,3649
2756,42819
2996,15753
2996,5586
2996,48594
2996,58872
2996,56141
2996,24480
2996,57643
2996,26612
748,43645
748,57288
1108,22273
1108,58502
1108,17673
1108,52087
1108,28856
1108,9551
1108,11312
1108,5558
1108,34011
404,50404
404,27207
404,22375
1024,15491
1024,55649
1024,47290
1216,6725
1216,33781
1216,15540
1216,43631
1216,35625
1216,21902
1216,33947
147,39150
147,16465
147,34820
147,16900
147,46822
147,35162
147,22982
147,13516
2046,16504
2046,10631
2046,36069
2602,20253
2602,7369
2602,18175
2602,56427
2602,54670
2602,42521
2602,44554
1370,10817
1678,15004
1678,4246
1678,36638
2409,6211
2409,8918
2409,43266
2409,49623
2409,27461
2409,55185
2409,24421
681,2760
681,3908
681,47160
681,13968
681,1689
681,32625
2341,14072
2341,49982
2341,46333
2341,57532
2341,16829
2270,7103
1869,26408
1013,26915
1013,56867
1013,44533
1013,20894
2494,4607
2494,3531
2494,58834
2494,58560
2494,36904
2494,39337
2494,35114
2494,53857
2494,44881
2871,7881
2871,38424
2871,34465
2871,31876
2871,40565
2871,12202
2871,1932
2871,34119
2013,17537
2013,9244
2013,27566
88,23274
276,12771
276,27976
276,38544
276,10229
276,57770
276,34055
276,13746
276,33363
276,20833
276,46216
1762,31941
1762,8861
1762,24610
1762,51537
2986,21927
2986,54490
2986,9372
2986,14671
2986,23925
2986,37519
2986,43317
1916,19834
1916,40504
1916,32323
1916,4076
1916,13014
686,3638
686,8467
686,59525
1627,2954
1627,17483
1627,6891
1627,4853
1627,35324
1096,59173
1096,16646
1096,53397
1096,50964
1096,12075
1096,13353
1096,25248
1096,34968
1639,11974
1639,16467
1639,25021
1639,49109
1639,39591
1639,37207
1639,54983
1639,14365
213,26596
213,23939
213,19784
213,16021
213,26486
213,38377
213,18963
213,47265
213,20137
213,18747
2654,28910
2654,17925
2654,12609
522,4544
522,13087
151,30646
151,34382
151,39981
151,5822
151,13677
151,40144
151,39562
675,2004
2103,31733
2103,16526
2103,7207
2103,9621
2103,6006
2103,34975
2103,55388
2103,11949
2103,14521
2697,16385
2697,34293
1520,26959
1520,5272
415,24177
415,25577
415,13860
415,18736
415,21528
415,46984
1642,27711
897,7115
897,58922
897,10031
897,55521
897,24704
897,28927
897,5027
897,31956
136,4225
136,15736
136,59230
136,6063
1084,57610
1084,14977
2087,22468
2087,28214
2087,33368
2087,56190
2404,51583
2404,33192
2404,35482
2404,22975
2404,58795
2404,9069
2404,11863
175,45310
175,2975
175,10621
175,10821
175,54657
1814,22217
531,3527
863,54627
863,14680
863,24525
863,50297
863,43628
863,6142
863,52647
863,20813
863,33401
863,32204
1902,49289
1902,24105
1902,19348
1902,27812
1902,27316
1902,58892
1902,47645
1902,30305
1902,30536
158,51551
158,25849
158,14517
158,56170
158,17132
158,32579
158,33316
158,7610
158,32603
2512,12718
2512,49533
2512,6175
2877,28777
2877,8231
2877,33192
2877,33711
861,2101
861,10067
861,18453
1391,10863
1391,2944
1391,50744
1391,8018
1286,15067
1286,4245
1286,9523
1286,15520
1286,34549
1286,14284
2126,47452
2126,15823
2126,46299
2126,4074
2126,15171
2126,46472
2126,38008
2126,59765
2126,52946
980,16755
1918,49299
1918,35188
1918,54971
1918,23230
1918,12073
1918,27269
1918,41402
1918,17626
1918,4223
1918,10616
2740,2115
2740,31936
2740,44174
2740,1913
2740,47548
1369,9026
1369,24632
1369,2856
1369,24834
1369,58149
804,43638
804,9465
804,6426
804,59509
804,57685
804,2212
804,25941
804,36132
804,12494
804,6073
2017,27770
2017,17531
2017,47118
2017,39488
2017,14729
2017,37744
2017,25356
2017,15606
115,18847
115,20063
115,2625
115,31922
115,8620
115,39412
115,31259
2271,56414
2271,40026
2271,38359
2271,6248
2271,5292
2271,22177
1485,18946
1485,9662
1485,25540
1485,23886
1485,28441
1573,22195
1573,43186
1393,5231
1393,34255
1393,32396
1393,47916
1393,14763
1393,43589
1393,11207
1393,10193
1393,50637
2366,21804
2366,37790
2366,30056
2366,49781
2366,18716
2366,18032
2366,45369
2366,28256
615,9182
615,58911
615,36450
615,32943
2039,5865
2039,17032
2039,6639
2039,42038
2039,27501
2039,12985
2039,25839
2039,33652
2039,19096
2039,54567
335,47331
335,30560
1633,5979
187,3048
187,28420
187,40978
187,21677
187,28274
187,4595
483,3857
483,16881
483,26048
483,55952
483,30809
2260,51797
2260,45251
2260,19354
2260,54918
2340,51178
2340,8111
2340,18318
2340,47282
2340,15000
1649,7807
1649,5790
1649,33879
1649,2356
2956,52023
2956,16022
2956,28382
747,56503
747,21975
747,33263
747,45189
747,6005
747,25870
747,54398
747,30530
747,25433
747,17453
760,33121
760,16982
760,10845
760,38717
760,23502
760,5188
760,49128
760,46568
760,11002
760,16226
1361,31215
1361,23044
1361,17426
1361,8910
1361,59481
1361,36784
1606,6745
1606,23110
1951,15861
1951,46080
1951,21810
1951,16506
1951,58882
1951,21868
1951,27036
1951,49673
1951,29047
1951,49470
1312,53773
1312,10571
2928,42660
2928,53106
2928,46599
2928,50323
2928,13872
2928,43357
2928,53566
2928,54586
2928,12878
2928,15904
1983,6853
1983,23853
1983,47161
1983,58816
1983,5847
1983,16152
2258,31612
2258,5928
2258,53050
2258,38557
2258,51891
995,11339
995,15480
995,31574
995,57181
995,3881
995,16535
995,30065
995,30186
41,3495
41,34517
1678,4051
1678,33656
1678,17611
1678,48233
